trial,status,error,lr,dropout,weight_decay,tune_epochs,val_subset_size,final_train_loss,val_HR@50,val_overall_HR@10,val_overall_NDCG@10,val_overall_HR@50,val_overall_NDCG@50,val_head_HR@10,val_head_NDCG@10,val_head_HR@50,val_head_NDCG@50,val_tail_HR@10,val_tail_NDCG@10,val_tail_HR@50,val_tail_NDCG@50,val_CatalogCoverage@10,val_TailCoverage@10,val_AvgPopularity@10,val_TailRatio@10,val_Personalization@10,val_CatalogCoverage@50,val_TailCoverage@50,val_AvgPopularity@50,val_TailRatio@50,val_Personalization@50
1,ok,,0.001,0.1,0.0,3,20194,6.55463958808354,0.2773100921065663,0.039615727443795185,0.019733754912152388,0.2773100921065663,0.07046520289778717,0.21436227224008575,0.07714269929166999,0.6430868167202572,0.16597498152944884,0.031151030579928355,0.016952874111254724,0.25959192149940297,0.0658387233036155,35.10905399209659,35.0632321230841,1.1739367240201077,99.10171338021195,99.93813404715016,69.40229533727776,69.37540066437438,1.1397359848987445,99.31583638704565,99.82662620165243
