trial,status,error,lr,dropout,weight_decay,tune_epochs,val_subset_size,val_full_size,final_train_loss,val_HR@50,val_overall_HR@10,val_overall_NDCG@10,val_overall_HR@50,val_overall_NDCG@50,val_head_HR@10,val_head_NDCG@10,val_head_HR@50,val_head_NDCG@50,val_tail_HR@10,val_tail_NDCG@10,val_tail_HR@50,val_tail_NDCG@50,val_CatalogCoverage@10,val_TailCoverage@10,val_AvgPopularity@10,val_TailRatio@10,val_Personalization@10,val_CatalogCoverage@50,val_TailCoverage@50,val_AvgPopularity@50,val_TailRatio@50,val_Personalization@50,val_count_overall,val_count_head,val_count_tail
1,ok,,0.001,0.1,0.0,3,7102,7102,8.046745579258925,0.8025908194874682,0.11264432554210081,0.05129624996645883,0.8025908194874682,0.19360578621593433,0.07507507507507508,0.0312363844690022,0.7257257257257258,0.1645674237350777,0.16097875080489374,0.07710411298250414,0.901481004507405,0.23096486428209753,57.441544727711566,56.810982048574445,2.548700869862529,80.20416784004506,99.91279146431714,94.49087343490723,94.04133353446976,2.5545177398842673,79.9301605181639,99.77295442421851,7102,3996,3106
