trial,status,error,lr,dropout,weight_decay,tune_epochs,val_subset_size,final_train_loss,val_HR@50,val_overall_HR@10,val_overall_NDCG@10,val_overall_HR@50,val_overall_NDCG@50,val_head_HR@10,val_head_NDCG@10,val_head_HR@50,val_head_NDCG@50,val_tail_HR@10,val_tail_NDCG@10,val_tail_HR@50,val_tail_NDCG@50,val_CatalogCoverage@10,val_TailCoverage@10,val_AvgPopularity@10,val_TailRatio@10,val_Personalization@10,val_CatalogCoverage@50,val_TailCoverage@50,val_AvgPopularity@50,val_TailRatio@50,val_Personalization@50
1,ok,,0.001,0.1,0.0,3,20194,3.370911474738802,0.044567693374269586,0.014855897791423196,0.008299087023632908,0.044567693374269586,0.0153245557389078,0.0,0.0,0.0,0.0,0.01558846453624318,0.00870832753209888,0.04676539360872954,0.016080232714549447,2.912472982119075,2.915379684130777,0.6860961988319978,100.0,98.39870588035127,10.051743335589371,10.06177516172271,0.6698230983360486,100.0,98.42603780912432
