trial,status,error,lr,dropout,weight_decay,tune_epochs,val_subset_size,val_full_size,final_train_loss,val_HR@50,val_overall_HR@10,val_overall_NDCG@10,val_overall_HR@50,val_overall_NDCG@50,val_head_HR@10,val_head_NDCG@10,val_head_HR@50,val_head_NDCG@50,val_tail_HR@10,val_tail_NDCG@10,val_tail_HR@50,val_tail_NDCG@50,val_CatalogCoverage@10,val_TailCoverage@10,val_AvgPopularity@10,val_TailRatio@10,val_Personalization@10,val_CatalogCoverage@50,val_TailCoverage@50,val_AvgPopularity@50,val_TailRatio@50,val_Personalization@50
1,ok,,0.001,0.1,0.0,3,6040,6040,6.723800391577091,11.473509933774835,2.9304635761589406,1.4340778120449804,11.473509933774835,3.239687700971336,3.5495062716840136,1.7560185309369523,13.023752335201493,3.7765932101289015,1.9188835586567816,0.9079932618102584,8.940252943741823,2.3623283713536303,94.76524554776039,93.72681281618887,5.248278555691206,57.13245033112583,99.16239312021528,100.0,100.0,5.134648365158784,61.80496688741722,96.95499287742258
