trial,status,error,method,lr,dropout,weight_decay,cb_beta,tune_epochs,val_subset_size,val_full_size,final_train_loss,val_HR@50,val_overall_HR@10,val_overall_NDCG@10,val_overall_HR@50,val_overall_NDCG@50,val_head_HR@10,val_head_NDCG@10,val_head_HR@50,val_head_NDCG@50,val_tail_HR@10,val_tail_NDCG@10,val_tail_HR@50,val_tail_NDCG@50,val_CatalogCoverage@10,val_TailCoverage@10,val_AvgPopularity@10,val_TailRatio@10,val_Personalization@10,val_CatalogCoverage@50,val_TailCoverage@50,val_AvgPopularity@50,val_TailRatio@50,val_Personalization@50,val_count_overall,val_count_head,val_count_tail
1,ok,,ClassBalance,0.001,0.1,0.0,0.9999,3,7102,7102,7.869656024336004,0.12672486623486343,0.042241622078287806,0.013947768461072046,0.12672486623486343,0.03395057866552407,0.0,0.0,0.0,0.0,0.09612303748798462,0.03173888228469518,0.28836911246395386,0.07725633120235564,10.966963342887313,13.572937094584404,2.0158447361524283,97.87102224725429,96.57286500356466,21.013727560718056,25.62226580178006,2.011400847289343,97.91298225851874,95.52923523568755,7102,3981,3121
