trial,status,error,method,lr,dropout,weight_decay,logq_weight,tune_epochs,val_subset_size,val_full_size,final_train_loss,val_HR@50,val_overall_HR@10,val_overall_NDCG@10,val_overall_HR@50,val_overall_NDCG@50,val_head_HR@10,val_head_NDCG@10,val_head_HR@50,val_head_NDCG@50,val_tail_HR@10,val_tail_NDCG@10,val_tail_HR@50,val_tail_NDCG@50,val_CatalogCoverage@10,val_TailCoverage@10,val_AvgPopularity@10,val_TailRatio@10,val_Personalization@10,val_CatalogCoverage@50,val_TailCoverage@50,val_AvgPopularity@50,val_TailRatio@50,val_Personalization@50,val_count_overall,val_count_head,val_count_tail
2,ok,,LogQ,0.001,0.1,0.0,1.0,3,7102,7102,8.440304983229865,1.168684877499296,0.26753027316248945,0.1099026786646965,1.168684877499296,0.2981761223589719,0.4783484390735146,0.1965077602912071,2.0896273917421953,0.5331437112269433,0.0,0.0,0.0,0.0,4.419972846583195,0.003771307889576105,4.4938023491348655,0.011264432554210082,98.06108119120145,6.356916578669483,0.00754261577915221,4.485149335291203,0.03435651929034075,95.78086903249097,7102,3972,3130
1,ok,,LogQ,0.001,0.1,0.0,0.1,3,7102,7102,7.996554209261524,0.7744297381019432,0.19712756969867645,0.10013433024308549,0.7744297381019432,0.2197833376412379,0.27693856998992955,0.13864578123767157,0.906344410876133,0.26988213898151725,0.09584664536741214,0.05126292981161714,0.6070287539936102,0.1562074785602188,68.07965002262785,66.129883843717,2.727198259493814,72.02196564348071,99.94130232846258,97.76738572937094,97.68441695580027,2.71158453451428,72.75105604055196,99.76100827220364,7102,3972,3130
3,ok,,LogQ,0.001,0.1,0.0,10.0,3,7102,7102,23.93723652638546,0.09856378484933823,0.056322162771050406,0.02066596257857854,0.09856378484933823,0.029557754036678843,0.0,0.0,0.0,0.0,0.12779552715654952,0.046891267167113344,0.22364217252396168,0.0670668272103812,0.9232161713682305,1.1012219037562225,2.5494583931958505,90.11123627147283,1.8320724695943702,3.994569316639011,4.57082516216624,2.4795095320576848,90.07434525485779,1.800013570936554,7102,3972,3130
